                       Norm,                    Minimum,                    Maximum,                       Mean
        +1.370385642274e-01,        +1.690800795149e-07,        +4.342013990278e-03,        +4.914487103803e-04
