        f (GHz),                 E_elec (J),                  E_mag (J),                  E_cap (J),                  E_ind (J)
 1.00000000e+00,        +9.571081045380e-14,        +7.277113842772e-06,        +0.000000000000e+00,        +0.000000000000e+00
 1.50000000e+00,        +1.369397581264e-13,        +4.659160676729e-06,        +0.000000000000e+00,        +0.000000000000e+00
