                       Norm,                    Minimum,                    Maximum,                       Mean
        +8.356359948835e-01,        +0.000000000000e+00,        +5.325281919118e-01,        +2.943019835063e-05
