        f (GHz),                 E_elec (J),                  E_mag (J),                  E_cap (J),                  E_ind (J)
 5.00000000e+00,        +4.835229160557e-12,        +1.040411392171e-05,        +0.000000000000e+00,        +0.000000000000e+00
 1.00000000e+01,        +2.457985161923e-12,        +1.322770549712e-06,        +0.000000000000e+00,        +0.000000000000e+00
 1.50000000e+01,        +1.647769973131e-12,        +3.941569115060e-07,        +0.000000000000e+00,        +0.000000000000e+00
 2.00000000e+01,        +1.239278103628e-12,        +1.667583527756e-07,        +0.000000000000e+00,        +0.000000000000e+00
 2.50000000e+01,        +9.930966415164e-13,        +8.552728250439e-08,        +0.000000000000e+00,        +0.000000000000e+00
 3.00000000e+01,        +8.285238015176e-13,        +4.955251961122e-08,        +0.000000000000e+00,        +0.000000000000e+00
