                       Norm,                    Minimum,                    Maximum,                       Mean
        +7.883511651398e-01,        +0.000000000000e+00,        +5.326686490979e-01,        +2.931062250287e-05
