                       Norm,                    Minimum,                    Maximum,                       Mean
        +8.312305261922e-01,        +0.000000000000e+00,        +5.398415190730e-01,        +2.928350511779e-05
