        f (GHz),             |S[1][1]| (dB),        arg(S[1][1]) (deg.),             |S[2][1]| (dB),        arg(S[2][1]) (deg.)
 5.00000000e-01,        +2.541336173518e-01,        +2.022875430372e-03,        -4.575305480501e+03,        +1.039979135136e+02
 1.00000000e+00,        -5.597346846384e-01,        +2.817130951687e-03,        -3.928122982569e+03,        +6.191575879322e+01
 1.50000000e+00,        +5.532114799544e-02,        +2.505664855132e-03,        -3.664816410827e+03,        -4.382677927283e+01
 2.00000000e+00,        -4.034091853368e-01,        +3.348366149263e-03,        -3.550469655361e+03,        +6.093249410810e+01
 2.50000000e+00,        -1.432989184873e+00,        +4.069687905992e-03,        -3.493689991948e+03,        -8.878534015624e+01
 3.00000000e+00,        +9.016550420549e-01,        +3.445134079431e-03,        -3.483313868387e+03,        -1.144795787057e+02
